{
    "states": {
        "2001": {
            "BD": 129.44340601260774,
            "BE": 66.15808155597188,
            "FR": 16.80565229197964,
            "BG": 45.13922901591286,
            "VE": 109.24471351364627,
            "UA": 103.68768397159874,
            "HR": 65.56805454776622,
            "DE": 116.15034736366943,
            "JP": 92.48658598749898,
            "HU": 29.792384694796056,
            "HK": 2.7118414940778166,
            "MK": 36.98332532751374,
            "BR": 28.050531492801383,
            "FI": 46.35971125517972,
            "CO": 19.98460547858849,
            "BY": 33.55332718905993,
            "CN": 122.76978025073186,
            "RU": 129.40306663536467,
            "AZ": 137.41681255633011,
            "NL": 65.59789012558758,
            "EE": 125.16360136005096,
            "PT": 89.35084146470763,
            "RS": 148.63015312585048,
            "TW": 98.9282341899816,
            "NC": 35.51975150126964,
            "TR": 109.67458251537755,
            "KW": 55.966045898385346,
            "CV": 123.62136905430816,
            "TO": 90.71111296047457,
            "NZ": 77.80753987748176,
            "TH": 9.765284816501662,
            "PK": 6.035030588973314,
            "AF": 50.527355381753296,
            "RO": 99.08054051315412,
            "EG": 33.372232667170465,
            "PL": 5.766780151752755,
            "GU": 127.36108195711859,
            "CH": 123.90220420714468,
            "AE": 144.23688055342063,
            "GR": 61.6139091339428,
            "CL": 38.6769231504295,
            "IQ": 63.14068650081754,
            "CA": 130.22752051101997,
            "IT": 110.99129079747945,
            "EC": 9.169891339028254,
            "ZA": 49.11455364874564,
            "CZ": 60.484986652154475,
            "GD": 130.93068330013193,
            "AU": 57.28301978064701,
            "GB": 87.50502855796367,
            "IN": 121.29438118101098,
            "BA": 43.44941117311828,
            "LK": 117.21329932427034,
            "ZW": 51.801901164930314,
            "IE": 109.59960528323427,
            "ID": 148.37254213285632,
            "ES": 105.30516577046365,
            "MA": 36.50437278486788,
            "KE": 40.16927376179956,
            "UZ": 49.29195554438047,
            "MY": 21.226771493908018,
            "IL": 76.60270435316488,
            "MH": 34.05600893427618,
            "US": 71.55545872403309,
            "KR": 31.39033506414853,
            "SI": 81.92813791055232,
            "AR": 110.40478868084028,
            "DK": 57.0869430298917,
            "KZ": 84.93609968479723,
            "SA": 58.733838624088094,
            "SG": 130.9376992934849,
            "MX": 119.11486280080862,
            "SE": 125.3607478660997,
            "AT": 76.75304434704594
        },
        "2002": {
            "BD": 96.63899574545212,
            "BE": 61.81135163013823,
            "FR": 74.18682233360596,
            "BG": 55.70940592791885,
            "VE": 69.32582933688536,
            "UA": 97.63669173116796,
            "HR": 61.850791692733765,
            "DE": 80.85877612582408,
            "JP": 132.6346413679421,
            "HU": 59.75336568709463,
            "HK": 23.833947414532304,
            "MK": 75.71529567684047,
            "BR": 7.419308023527265,
            "FI": 74.42736591445282,
            "CO": 46.986659252783284,
            "BY": 5.491634379141033,
            "CN": 31.626439278479666,
            "RU": 42.38921363465488,
            "AZ": 5.289452918339521,
            "NL": 109.78753741341643,
            "EE": 121.86098160292022,
            "PT": 5.850012393668294,
            "RS": 19.02535109175369,
            "TW": 68.77482140669599,
            "NC": 68.51368774240837,
            "TR": 97.09836149052717,
            "KW": 101.44451830838807,
            "CV": 53.282379074487835,
            "TO": 22.44971844437532,
            "NZ": 113.54115435970016,
            "TH": 98.2441964163445,
            "PK": 47.15065271151252,
            "AF": 2.5840659614186734,
            "RO": 37.0007981476374,
            "EG": 51.989213318564,
            "PL": 66.89934929506853,
            "GU": 149.5800647425931,
            "CH": 112.0514710941352,
            "AE": 77.1252601784654,
            "GR": 78.67149102245457,
            "CL": 113.22714517102577,
            "IQ": 32.35691479081288,
            "CA": 126.52395739965141,
            "IT": 71.99963613646105,
            "EC": 143.5606639343314,
            "ZA": 106.51542760734446,
            "CZ": 1.88189351814799,
            "GD": 50.99172978522256,
            "AU": 69.66007340000942,
            "GB": 146.32899816380814,
            "IN": 12.623317069839686,
            "BA": 86.51561901276,
            "LK": 55.48375191423111,
            "ZW": 55.539536273805425,
            "IE": 87.64120376505889,
            "ID": 101.26527528604493,
            "ES": 36.22296178340912,
            "MA": 46.96945845079608,
            "KE": 12.41000711498782,
            "UZ": 141.85569536476396,
            "MY": 72.33516823546961,
            "IL": 52.435860784724355,
            "MH": 24.52031768904999,
            "US": 48.66437258338556,
            "KR": 137.76454370259307,
            "SI": 2.816288548754528,
            "AR": 20.37351214303635,
            "DK": 67.04235909227282,
            "KZ": 55.30383594101295,
            "SA": 66.84274079790339,
            "SG": 37.03881938639097,
            "MX": 72.71600493602455,
            "SE": 148.73198469891213,
            "AT": 6.031869163038209
        },
        "2003": {
            "BD": 9.783337336033583,
            "BE": 93.09093316690996,
            "FR": 35.425621257396415,
            "BG": 120.00846534501761,
            "VE": 66.98185935849324,
            "UA": 122.21891407109797,
            "HR": 1.9831709249410778,
            "DE": 8.661230988334864,
            "JP": 141.24043568223715,
            "HU": 147.04924699454568,
            "HK": 52.3107162755914,
            "MK": 5.778262432431802,
            "BR": 94.29063417110592,
            "FI": 42.56631176918745,
            "CO": 26.80306592863053,
            "BY": 81.98284581932239,
            "CN": 146.28927876311354,
            "RU": 120.70485522598028,
            "AZ": 27.745557982707396,
            "NL": 81.61608346411958,
            "EE": 121.30462545133196,
            "PT": 79.75724657461978,
            "RS": 73.46105178794824,
            "TW": 13.411718429764733,
            "NC": 49.997281156945974,
            "TR": 64.66347414115444,
            "KW": 94.98592876363546,
            "CV": 131.04382751113735,
            "TO": 68.5291877805721,
            "NZ": 76.1155638252385,
            "TH": 51.5318721155636,
            "PK": 137.22238196455874,
            "AF": 98.96411414886825,
            "RO": 121.8254962975625,
            "EG": 83.11193398898467,
            "PL": 26.439797728089616,
            "GU": 43.674691799329594,
            "CH": 125.18050343124196,
            "AE": 55.27797735785134,
            "GR": 138.97186069423333,
            "CL": 44.08062133169733,
            "IQ": 111.90090751182288,
            "CA": 18.91268895752728,
            "IT": 55.185284428531304,
            "EC": 131.68801117595285,
            "ZA": 64.36586090549827,
            "CZ": 49.78052155696787,
            "GD": 6.1156936280895025,
            "AU": 36.14415961061604,
            "GB": 56.37295238557272,
            "IN": 65.2683696586173,
            "BA": 59.3527122172527,
            "LK": 146.75921751768328,
            "ZW": 113.70641927164979,
            "IE": 50.64747485797852,
            "ID": 12.883989576483145,
            "ES": 90.259312344715,
            "MA": 5.678151154657826,
            "KE": 64.90079405903816,
            "UZ": 37.14339552912861,
            "MY": 132.9100009459071,
            "IL": 50.025906859431416,
            "MH": 139.1354235240724,
            "US": 22.678971277782694,